_id,imei,serialnumber,createdtime,updatedtime,batterydetails.battery_manufacturer,batterydetails.battery_model_name,batterydetails.battery_type,batterydetails.battery_voltage,batterydetails.battery_capacity,batterydetails.battery_status,locationlog.lat,locationlog.lng,locationlog.odo,soc,voltage,chargingstatus,connectedsystem,setchargingstatus,userId,chargingStatus,current,soh,lastUpdated,cyclecount,deleted,batteryAlerts.lastUpdated,batteryAlerts.highTempAlertEnabled,batteryAlerts.lowSOCAlertEnabled,batteryAlerts.lowVoltageAlertEnabled,batteryAlerts.offlineAlertEnabled,batteryAlerts.securitybreachalertactive,is_mobilized,batterydetails.battery_date_of_manufacture,batteryalerts.securitybreachalertactive,Id,blockchain.blockchain_referance_id,blockchain.pda_address,blockchain.blockchain_tx_hash,blockchain.blockchain_tx_status,blockchain.blockchain_sync_at,blockchain.blockchain_error,blockchain.on_chain_metadata
67e4ef436eeb638f7a1c6c16,868228078449541,ISL5145CAPSV03700017,2025-03-27T06:25:07.020Z,2026-03-17T04:19:12.017Z,vivitron,Model X,Li-ion,53V,2.3,Usable,17.17202,79.35733,337.2,99,54.5,1,50820500036,1,67e0f475fac062095801f341,1,0,0,2026-03-15T04:39:00.640Z,28,false,2026-03-17T04:23:45.745Z,false,false,false,false,true,false,,,,,,,,,,
67e4ef436eeb638f7a1c6c17,868228078449608,ISL5145CAPSV03700030,2025-03-27T06:25:07.139Z,2026-03-17T04:19:11.977Z,vivitron,Model X,Li-ion,53V,2.3,Usable,17.16947,79.3544,727.4,99,53,1,50820500081,0,69205de96bc1e87f7711d7dd,1,0,0,2026-03-17T04:12:15.106Z,23,false,2026-03-17T04:23:45.823Z,false,false,false,false,,false,,,,,,,,,,
67e4ef436eeb638f7a1c6c18,868228078447735,ISL5145CAPSV03700029,2025-03-27T06:25:07.247Z,2026-03-17T04:19:11.937Z,vivitron,Model X,Li-ion,53V,2.3,Usable,17.16456,79.33119,724.7,100,53.2,1,SSKATP2,2,68999d9b338bf5b7120817c0,1,0,0,2026-03-16T16:03:55.827Z,25,false,2026-03-17T04:23:45.775Z,false,false,false,false,,false,,,,,,,,,,
67e4ef436eeb638f7a1c6c19,868228078449905,ISL5145CAPSV03700026,2025-03-27T06:25:07.353Z,2026-03-17T04:19:11.896Z,vivitron,Model X,Li-ion,53V,2.3,Usable,17.16469,79.33076,783.8,35,53.5,1,SSK-Vallala,1,6957dff73bbe751978730692,3,9.8,0,2026-03-16T07:53:09.302Z,27,false,2026-03-17T04:23:45.853Z,false,false,false,false,,false,,,,,,,,,,
67e4ef436eeb638f7a1c6c1a,868228078448519,ISL5145CAPSV03700031,2025-03-27T06:25:07.464Z,2026-03-17T04:19:11.856Z,vivitron,Model X,Li-ion,53V,2.3,Usable,17.17,79.35379,735.2,99,54.4,1,50820500016,1,67e0f475fac062095801f31d,1,0,0,2026-03-11T05:04:20.350Z,23,false,2026-03-17T04:23:46.013Z,false,false,false,false,,false,,,,,,,,,,
67e4ef436eeb638f7a1c6c1b,868228078447990,ISL5145CAPSV03700027,2025-03-27T06:25:07.567Z,2026-03-17T04:19:11.797Z,vivitron,Model X,Li-ion,53V,2.3,Usable,17.16437,79.33121,743.7,99,54.7,1,50820500035,1,67e0f475fac062095801f32f,1,0,0,2026-03-15T04:35:31.682Z,28,false,2026-03-17T04:23:46.094Z,false,false,false,false,,false,,,,,,,,,,
67e4ef436eeb638f7a1c6c1c,868228078447883,ISL5145CAPSV03700036,2025-03-27T06:25:07.675Z,2026-03-17T04:19:11.747Z,vivitron,Model X,Li-ion,53V,2.3,Usable,17.16441,79.33078,752.9,65,53,1,50820500076,0,691708dee2debce5023bfae5,1,0,0,2026-03-15T12:51:20.746Z,21,false,2026-03-17T04:23:46.058Z,false,false,false,false,,false,,,,,,,,,,
67e4ef436eeb638f7a1c6c1d,868228078448659,ISL5145CAPSV03700009,2025-03-27T06:25:07.783Z,2026-03-17T04:19:11.708Z,vivitron,Model X,Li-ion,53V,2.3,Usable,17.16436,79.33107,561.9,12,51,1,50820500098,0,69809da01b657172986c03e8,1,0,0,2026-03-14T11:07:56.250Z,7200,false,2026-03-17T04:23:45.886Z,false,true,false,false,,false,,,,,,,,,,
67e4ef436eeb638f7a1c6c1e,868228078448758,ISL5145CAPSV03700035,2025-03-27T06:25:07.958Z,2026-03-17T04:19:11.670Z,vivitron,Model X,Li-ion,53V,2.3,Usable,17.17175,79.35759,710.3,20,51.7,1,SSKATP2,2,68999d9b338bf5b7120817c0,1,0,0,2026-03-16T16:41:27.475Z,35,false,2026-03-17T04:23:45.954Z,false,false,false,false,,false,,,,,,,,,,
67e4ef446eeb638f7a1c6c1f,868228078448105,ISL5145CAPSV03700024,2025-03-27T06:25:08.066Z,2026-03-17T04:19:11.609Z,vivitron,Model X,Li-ion,53V,2.3,Usable,17.16923,79.35416,131.6,7,51,1,SSKATP2,2,68999d9b338bf5b7120817c0,1,0,0,2026-03-16T16:41:27.675Z,22,false,2026-03-17T04:23:45.922Z,false,true,false,false,,false,,,,,,,,,,
67e4ef446eeb638f7a1c6c20,868228078448717,ISL5145CAPSV03700020,2025-03-27T06:25:08.174Z,2026-03-17T04:19:11.541Z,vivitron,Model X,Li-ion,53V,2.3,Usable,17.16471,79.33089,151.1,99,54.5,1,50820500038,1,67e0f476fac062095801f359,1,0,0,2026-03-15T05:13:17.890Z,21,false,2026-03-17T04:23:46.914Z,false,false,false,false,,false,,,,,,,,,,
67e4ef446eeb638f7a1c6c21,868228078448923,ISL5145CAPSV03700021,2025-03-27T06:25:08.286Z,2026-03-17T04:19:11.481Z,vivitron,Model X,Li-ion,53V,2.3,Under Maintenance,17.17121,79.35632,184.4,98,53.2,1,50820500051,0,67e0f476fac062095801f476,1,0,0,2025-12-15T12:54:55.538Z,41,false,2026-03-17T04:23:46.945Z,false,false,false,false,,false,,,,,,,,,,
67e4ef446eeb638f7a1c6c22,868228078449715,ISL5145CAPSV03700016,2025-03-27T06:25:08.394Z,2026-03-17T04:19:11.425Z,vivitron,Model X,Li-ion,53V,2.3,Usable,17.1698,79.35251,736.5,99,54.4,1,50820500022,1,67e0f476fac062095801f365,1,0,23,2026-03-12T05:24:54.142Z,21,false,2026-03-17T04:23:46.984Z,false,false,false,false,,false,,,,,,,,,,
67e4ef446eeb638f7a1c6c23,868228078449939,ISL5145CAPSV03700033,2025-03-27T06:25:08.504Z,2026-03-17T04:19:11.376Z,vivitron,Model X,Li-ion,53V,2.3,Usable,17.16973,79.35327,728.2,8,51,1,50820500100,0,6986fcad1b657172986c1000,1,0,0,2026-03-09T12:51:43.382Z,28,false,2026-03-17T04:23:47.028Z,false,true,false,false,,false,,,,,,,,,,
67e4ef446eeb638f7a1c6c24,868228078448303,ISL5145CAPSV03700011,2025-03-27T06:25:08.610Z,2026-03-17T04:19:11.337Z,vivitron,Model X,Li-ion,53V,2.3,Usable,17.16786,79.35724,790.7,32,51.9,1,50820500074,0,6911ef88e2debce5023bf37b,1,-0.5,0,2026-03-12T13:05:26.364Z,23,false,2026-03-17T04:23:47.058Z,false,false,false,false,,false,,,,,,,,,,
67e4ef446eeb638f7a1c6c25,868228078447958,ISL5145CAPSV03700013,2025-03-27T06:25:08.726Z,2026-03-17T04:19:11.292Z,vivitron,Model X,Li-ion,53V,2.3,Usable,17.16435,79.33109,671.2,99,54.2,1,50820500007,1,67e0f476fac062095801f355,1,0,0,2026-03-16T07:12:45.695Z,24,false,2026-03-17T04:23:47.086Z,false,false,false,false,,false,,,,,,,,,,
67e4ef446eeb638f7a1c6c26,868228078450028,ISL5145CAPSV03700014,2025-03-27T06:25:08.833Z,2026-03-17T04:19:11.252Z,vivitron,Model X,Li-ion,53V,2.3,Usable,17.16476,79.33074,1021.9,18,51.7,1,50820500080,0,692029186bc1e87f7711d7b5,1,0,0,2026-03-13T04:26:09.290Z,23,false,2026-03-17T04:23:47.113Z,false,true,false,false,,false,,,,,,,,,,
67e4ef446eeb638f7a1c6c27,868228078449947,ISL5145CAPSV03700032,2025-03-27T06:25:08.962Z,2026-03-17T04:19:11.211Z,vivitron,Model X,Li-ion,53V,2.3,Usable,17.16988,79.35501,730.9,71,52.7,1,SSKATP2,2,68999d9b338bf5b7120817c0,1,0,0,2026-03-16T16:41:27.865Z,22,false,2026-03-17T04:23:47.151Z,false,false,false,false,,false,,,,,,,,,,
67e4ef456eeb638f7a1c6c29,868228078449012,ISL5145CAPSV03700015,2025-03-27T06:25:09.184Z,2026-03-17T04:19:11.172Z,vivitron,Model X,Li-ion,53V,2.3,Usable,17.16971,79.35404,434.6,99,54.4,1,50820500002,1,67e0f473fac062095801f303,1,0,15,2026-03-16T06:29:41.603Z,33,false,2026-03-17T04:23:47.218Z,false,false,false,false,,false,,,,,,,,,,
67e4ef456eeb638f7a1c6c2a,868228078448790,ISL5145CAPSV03700023,2025-03-27T06:25:09.296Z,2026-03-17T04:19:11.113Z,vivitron,Model X,Li-ion,53V,2.3,Under Maintenance,17.16437,79.3311,316.6,99,53.2,1,50820500051,0,67e0f476fac062095801f476,1,0,0,2025-12-15T12:54:56.657Z,47,false,2026-03-17T04:23:47.239Z,false,false,false,false,,false,,,,,,,,,,
67e4ef456eeb638f7a1c6c2b,868228078448675,ISL5145CAPSV03700025,2025-03-27T06:25:09.404Z,2026-03-17T04:19:11.072Z,vivitron,Model X,Li-ion,53V,2.3,Usable,17.17008,79.35334,808.5,8,51.2,1,SSKATP2,2,68999d9b338bf5b7120817c0,1,0,0,2026-03-16T16:13:49.555Z,23,false,2026-03-17T04:23:48.097Z,false,true,false,false,,false,,,,,,,,,,
67e4ef456eeb638f7a1c6c2c,868228078449178,ISL5145CAPSV03700022,2025-03-27T06:25:09.508Z,2026-03-17T04:19:11.031Z,vivitron,Model X,Li-ion,53V,2.3,Usable,17.16966,79.35418,812.6,99,53.2,1,SSK-Nakrekal2,2,692ec9fc45817ccfda839e74,1,0,0,2026-03-16T12:25:41.160Z,24,false,2026-03-17T04:23:48.127Z,false,false,false,false,,false,,,,,,,,,,
67e4ef456eeb638f7a1c6c2d,868228078448832,ISL5145CAPSV03700019,2025-03-27T06:25:09.623Z,2026-03-17T04:19:10.971Z,vivitron,Model X,Li-ion,53V,2.3,Usable,17.16962,79.35365,740.7,99,54,1,50820500050,1,67e0f475fac062095801f32b,1,0,6,2026-03-13T06:42:30.377Z,20,false,2026-03-17T04:23:48.162Z,false,false,false,false,,false,,,,,,,,,,
67e4ef456eeb638f7a1c6c2e,868228078449665,ISL5145CAPSV03700007,2025-03-27T06:25:09.734Z,2026-03-17T04:19:10.915Z,vivitron,Model X,Li-ion,53V,2.3,Usable,17.1648,79.33084,888.3,8,51,1,50820500083,0,69241cae6bc1e87f7711de8f,1,0,0,2026-03-12T06:41:18.393Z,22,false,2026-03-17T04:23:48.198Z,false,true,false,false,,false,,,,,,,,,,
67e4ef456eeb638f7a1c6c2f,868228078448311,ISL5145CAPSV03700012,2025-03-27T06:25:09.841Z,2026-03-17T04:19:10.854Z,vivitron,Model X,Li-ion,53V,2.3,Usable,17.16437,79.33109,3281.3,12,51.2,1,SSKATP2,2,68999d9b338bf5b7120817c0,1,0,0,2026-03-17T04:09:59.927Z,25,false,2026-03-17T04:23:48.249Z,false,true,false,false,,false,,,,,,,,,,
67e4ef456eeb638f7a1c6c30,868228078448444,ISL5145CAPSV03700028,2025-03-27T06:25:09.947Z,2026-03-17T04:19:10.814Z,vivitron,Model X,Li-ion,53V,2.3,Usable,17.16956,79.3545,788.1,98,53.2,1,50820500053,0,6826d2078ac9be5445dcfacb,1,0,0,2026-03-16T12:11:16.595Z,29,false,2026-03-17T04:23:48.281Z,false,false,false,false,,false,,,,,,,,,,
67e4ef466eeb638f7a1c6c31,868228078449319,ISL5145CAPSV03700018,2025-03-27T06:25:10.055Z,2026-03-17T04:19:10.769Z,vivitron,Model X,Li-ion,53V,2.3,Usable,17.16472,79.33092,179.3,83,53.2,1,50820500101,0,6986fd2e1b657172986c1004,1,0,0,2026-03-15T11:40:30.158Z,22,false,2026-03-17T04:23:48.317Z,false,false,false,false,,false,,,,,,,,,,
67e4ef466eeb638f7a1c6c32,868228078449749,ISL5145CAPSV03700008,2025-03-27T06:25:10.174Z,2026-03-17T04:19:10.730Z,vivitron,Model X,Li-ion,53V,2.3,Usable,17.17006,79.35269,857.1,52,52.5,1,SSKATP2,2,68999d9b338bf5b7120817c0,1,0,0,2026-03-16T09:52:06.805Z,24,false,2026-03-17T04:23:48.360Z,false,false,false,false,,false,,,,,,,,,,
67e4ef466eeb638f7a1c6c33,868228078449020,ISL5145CAPSV03700034,2025-03-27T06:25:10.282Z,2026-03-17T04:19:10.688Z,vivitron,Model X,Li-ion,53V,2.3,Usable,17.16382,79.33099,283.5,99,54.5,1,50820500031,1,67e0f475fac062095801f349,1,0,0,2026-03-15T05:53:56.321Z,25,false,2026-03-17T04:23:48.390Z,false,false,false,false,,false,,,,,,,,,,
67e4ef466eeb638f7a1c6c34,868228078447685,ISL5145CCPSV04030078,2025-03-27T06:25:10.389Z,2026-03-17T04:19:10.640Z,vivitron,Model X,Li-ion,53V,2.3,Usable,17.17094,79.358,194.4,99,54.5,1,50820500003,1,67e0f475fac062095801f323,1,0,0,2026-03-16T06:33:52.013Z,34,false,2026-03-17T04:23:48.426Z,false,false,false,false,,false,,,,,,,,,,
67e4ef466eeb638f7a1c6c35,868228078448766,ISL5145CCPSV04030041,2025-03-27T06:25:10.491Z,2026-03-17T04:19:10.598Z,vivitron,Model X,Li-ion,53V,2.3,Usable,17.17137,79.35759,12.3,5,51.4,1,50820500052,0,6826d1cb8ac9be5445dcfac9,1,0,0,2026-03-12T02:55:17.104Z,22,false,2026-03-17T04:23:49.256Z,false,true,false,false,,false,,,,,,,,,,
67e4ef466eeb638f7a1c6c36,868228078448733,ISL5145CCPSV04030039,2025-03-27T06:25:10.594Z,2026-03-17T04:19:10.560Z,vivitron,Model X,Li-ion,53V,2.3,Usable,17.1691,79.35452,28.2,0,40.5,1,SSKATP2,2,68999d9b338bf5b7120817c0,1,0,0,2026-03-17T02:46:14.145Z,22,false,2026-03-17T04:23:49.283Z,false,true,true,true,,false,,,,,,,,,,
67e4ef466eeb638f7a1c6c37,868228078449616,ISL5145CCPSV04030054,2025-03-27T06:25:10.701Z,2026-03-17T04:19:10.516Z,vivitron,Model X,Li-ion,53V,2.3,Usable,17.17007,79.3549,10.4,69,53.2,1,50820500087,0,692dc8603271f66f615fb7f1,1,0,0,2026-03-12T05:08:27.262Z,25,false,2026-03-17T04:23:49.328Z,false,false,false,false,,false,,,,,,,,,,
67e4ef466eeb638f7a1c6c38,868228078448154,ISL5145CCPSV04030050,2025-03-27T06:25:10.809Z,2026-03-17T04:19:10.477Z,vivitron,Model X,Li-ion,53V,2.3,Usable,17.17053,79.358,32.3,78,52.5,1,83520700005,1,693175e9b7c773df9eba0e1c,2,-3.6,100,2026-03-15T06:21:10.375Z,22,false,2026-03-17T04:23:49.355Z,false,false,false,true,,false,,,,,,,,,,
67e4ef476eeb638f7a1c6c39,868228078449103,ISL5145CCPSV04030069,2025-03-27T06:25:11.071Z,2026-03-17T04:19:10.425Z,vivitron,Model X,Li-ion,53V,2.3,Usable,17.16977,79.35493,391.5,33,52.2,1,50820500082,0,692299fb6bc1e87f7711dc21,1,0,0,2026-03-10T07:09:16.423Z,23,false,2026-03-17T04:23:49.383Z,false,false,false,false,,false,,,,,,,,,,
67e4ef476eeb638f7a1c6c3a,868228078449673,ISL5145CCPSV04030056,2025-03-27T06:25:11.179Z,2026-03-17T04:19:10.385Z,vivitron,Model X,Li-ion,53V,2.3,Usable,17.16934,79.35861,22.2,5,50.7,1,SSKATP2,2,68999d9b338bf5b7120817c0,1,0,0,2026-03-16T05:00:09.771Z,21,false,2026-03-17T04:23:49.422Z,false,true,false,false,,false,,,,,,,,,,
67e4ef476eeb638f7a1c6c3b,868228078448162,ISL5145CCPSV04030045,2025-03-27T06:25:11.286Z,2026-03-17T04:19:10.344Z,vivitron,Model X,Li-ion,53V,2.3,Usable,17.1617,79.32821,663.2,99,54.5,1,50820500032,1,67e0f475fac062095801f343,1,0,0,2026-03-15T05:54:09.954Z,24,false,2026-03-17T04:23:49.464Z,false,false,false,false,,false,,,,,,,,,,
67e4ef476eeb638f7a1c6c3c,868228078447651,ISL5145CCPSV04030043,2025-03-27T06:25:11.401Z,2026-03-17T04:19:10.305Z,vivitron,Model X,Li-ion,53V,2.3,Usable,17.16861,79.3597,31.2,29,49.5,1,SSKATP2,2,68999d9b338bf5b7120817c0,1,0,0,2026-03-16T07:06:49.230Z,19,false,2026-03-17T04:23:49.490Z,false,false,false,false,,false,,,,,,,,,,
67e4ef476eeb638f7a1c6c3d,868228078449145,ISL5145CCPSV04030060,2025-03-27T06:25:11.513Z,2026-03-17T04:19:10.256Z,vivitron,Model X,Li-ion,53V,2.3,Usable,17.16993,79.35437,8.2,99,53,1,SSK-Nakrekal,2,68886651fb302d5b282edc95,1,0,0,2026-03-13T11:49:19.683Z,21,false,2026-03-17T04:23:49.557Z,false,false,false,false,,false,,,,,,,,,,
67e4ef476eeb638f7a1c6c3e,868228078449566,ISL5145CCPSV04030049,2025-03-27T06:25:11.618Z,2026-03-17T04:19:10.193Z,vivitron,Model X,Li-ion,53V,2.3,Usable,17.16979,79.35387,11.4,100,53.2,1,SSKATP2,2,68999d9b338bf5b7120817c0,1,0,0,2026-03-16T16:03:56.050Z,25,false,2026-03-17T04:23:49.578Z,false,false,false,false,,false,,,,,,,,,,
67e4ef476eeb638f7a1c6c3f,868228078449038,ISL5145CCPSV04030076,2025-03-27T06:25:11.744Z,2026-03-17T04:19:10.155Z,vivitron,Model X,Li-ion,53V,2.3,Usable,17.16968,79.35473,11.5,100,57.9,1,SSK-Vallala,1,6957dff73bbe751978730692,3,0.8,0,2026-03-16T01:45:52.841Z,25,false,2026-03-17T04:23:50.423Z,false,false,false,false,,false,,,,,,,,,,
67e4ef476eeb638f7a1c6c40,868228078449657,ISL5145CCPSV04030038,2025-03-27T06:25:11.850Z,2026-03-17T04:19:10.117Z,vivitron,Model X,Li-ion,53V,2.3,Usable,17.16975,79.35372,97,3,51,1,SSKATP2,2,68999d9b338bf5b7120817c0,1,0,0,2026-03-16T16:03:56.261Z,20,false,2026-03-17T04:23:50.452Z,false,true,false,false,,false,,,,,,,,,,
67e4ef476eeb638f7a1c6c41,868228078448196,ISL5145CCPSV04030075,2025-03-27T06:25:11.959Z,2026-03-17T04:19:10.076Z,vivitron,Model X,Li-ion,53V,2.3,Usable,17.17204,79.35716,9.3,31,52,1,7036498073,2,67fcc6bd4858e50ae57904e7,1,0,0,2026-03-17T04:12:14.919Z,28,false,2026-03-17T04:23:50.481Z,false,false,false,false,,false,,,,,,,,,,
67e4ef486eeb638f7a1c6c42,868228078449483,ISL5145CCPSV04030082,2025-03-27T06:25:12.072Z,2026-03-17T04:19:10.021Z,vivitron,Model X,Li-ion,53V,2.3,Usable,17.16527,79.33043,38.2,64,52.9,1,50820500085,0,6926c9c573254d5e4e0c46fb,1,0,0,2026-03-14T09:13:55.855Z,25,false,2026-03-17T04:23:50.538Z,false,false,false,false,,false,,,,,,,,,,
67e4ef486eeb638f7a1c6c43,868228078449996,ISL5145CCPSV04030042,2025-03-27T06:25:12.284Z,2026-03-17T04:19:09.971Z,vivitron,Model X,Li-ion,53V,2.3,Usable,17.16977,79.35388,45.9,52,52.4,1,50820500053,0,6826d2078ac9be5445dcfacb,1,0,0,2026-03-13T11:42:37.805Z,21,false,2026-03-17T04:23:50.564Z,false,false,false,false,,false,,,,,,,,,,
67e4ef486eeb638f7a1c6c45,868228078450051,ISL5145CCPSV04030044,2025-03-27T06:25:12.544Z,2026-03-17T04:19:09.933Z,vivitron,Model X,Li-ion,53V,2.3,Under Maintenance,17.16901,79.35458,165.1,72,53,1,Pavan,1,68b32dfa7166e07a205c88f3,1,0,0,2026-03-02T10:26:05.871Z,21,false,2026-03-17T04:23:50.593Z,false,false,false,false,,false,,,,,,,,,,
67e4ef486eeb638f7a1c6c46,868228078449384,ISL5145CCPSV04030058,2025-03-27T06:25:12.664Z,2026-03-17T04:19:09.896Z,vivitron,Model X,Li-ion,53V,2.3,Usable,17.16986,79.35485,17.9,74,53,1,50820500072,0,69106d07e2debce5023bf17f,1,0,0,2026-03-15T07:32:40.535Z,28,false,2026-03-17T04:23:50.619Z,false,false,false,false,,false,,,,,,,,,,
67e4ef486eeb638f7a1c6c47,868228078448287,ISL5145CCPSV04030063,2025-03-27T06:25:12.903Z,2026-03-17T04:19:09.856Z,vivitron,Model X,Li-ion,53V,2.3,Under Maintenance,17.17408,79.35753,14.2,88,53.2,1,Pavan,1,68b32dfa7166e07a205c88f3,1,0,0,2025-09-29T07:01:01.105Z,8,false,2026-03-17T04:23:50.644Z,false,false,false,false,,false,,,,,,,,,,
67e4ef496eeb638f7a1c6c48,868228078449624,ISL5145CCPSV04030079,2025-03-27T06:25:13.038Z,2026-03-17T04:19:09.820Z,vivitron,Model X,Li-ion,53V,2.3,Usable,17.17124,79.35575,26.3,100,55.2,1,50820500005,1,67e0f474fac062095801f305,1,0,0,2026-03-16T07:13:08.545Z,24,false,2026-03-17T04:23:50.699Z,false,false,false,false,,false,,,,,,,,,,
67e4ef496eeb638f7a1c6c49,868228078448477,ISL5145CCPSV04030047,2025-03-27T06:25:13.172Z,2026-03-17T04:19:09.777Z,vivitron,Model X,Li-ion,53V,2.3,Usable,17.16991,79.35437,8.1,99,54.5,1,50820500037,1,67e0f476fac062095801f353,1,0,0,2026-03-15T04:42:40.227Z,27,false,2026-03-17T04:23:50.731Z,false,false,false,false,,false,,,,,,,,,,
67e4ef496eeb638f7a1c6c4a,868228078447669,ISL5145CCPSV04030051,2025-03-27T06:25:13.310Z,2026-03-17T04:19:09.739Z,vivitron,Model X,Li-ion,53V,2.3,Under Maintenance,17.17279,79.36078,9.8,99,53,1,83520700002,2,692d55665e8311a44e7fd5c8,1,0,0,2026-03-16T04:51:36.211Z,18,false,2026-03-17T04:23:51.555Z,false,false,false,false,,false,,,,,,,,,,
67e4ef496eeb638f7a1c6c4b,868228078449731,ISL5145CCPSV04030074,2025-03-27T06:25:13.417Z,2026-03-17T04:19:09.702Z,vivitron,Model X,Li-ion,53V,2.3,Usable,17.1697,79.35938,20.8,32,52.4,1,50820500071,0,6909907fe2debce5023be8f6,1,0,0,2026-03-13T14:53:30.764Z,19,false,2026-03-17T04:23:51.619Z,false,false,false,false,,false,,,,,,,,,,
67e4ef496eeb638f7a1c6c4c,868228078448394,ISL5145CCPSV04030040,2025-03-27T06:25:13.523Z,2026-03-17T04:19:09.662Z,vivitron,Model X,Li-ion,53V,2.3,Usable,17.16981,79.35412,45.2,34,52.5,1,50820500096,0,697f5af01b657172986c0199,1,0,100,2026-03-16T07:15:52.766Z,24,false,2026-03-17T04:23:51.652Z,false,false,false,false,,false,,,,,,,,,,
67e4ef496eeb638f7a1c6c4d,868228078447834,ISL5145CCPSV04030066,2025-03-27T06:25:13.631Z,2026-03-17T04:19:09.623Z,vivitron,Model X,Li-ion,53V,2.3,Under Maintenance,17.16821,79.35561,73.2,99,53.2,1,50820500051,0,67e0f476fac062095801f476,1,0,0,2025-12-15T12:54:57.371Z,42,false,2026-03-17T04:23:51.686Z,false,false,false,false,,false,,,,,,,,,,
67e4ef496eeb638f7a1c6c4e,868228078447727,ISL5145CCPSV04030067,2025-03-27T06:25:13.737Z,2026-03-17T04:19:09.579Z,vivitron,Model X,Li-ion,53V,2.3,Usable,17.16943,79.35579,29.6,9,51,1,SSKATP2,2,68999d9b338bf5b7120817c0,1,0,0,2026-03-16T16:41:28.062Z,21,false,2026-03-17T04:23:51.718Z,false,true,false,false,,false,,,,,,,,,,
67e4ef496eeb638f7a1c6c4f,868228078448451,ISL5145CCPSV04030048,2025-03-27T06:25:13.848Z,2026-03-17T04:19:09.541Z,vivitron,Model X,Li-ion,53V,2.3,Usable,17.16993,79.35345,23.3,33,52.2,1,50820500097,0,697f5c261b657172986c01cb,1,0,0,2026-03-16T03:48:41.721Z,22,false,2026-03-17T04:23:51.742Z,false,false,false,false,,false,,,,,,,,,,
67e4ef496eeb638f7a1c6c50,868228078447784,ISL5145CCPSV04030081,2025-03-27T06:25:13.957Z,2026-03-17T04:19:09.501Z,vivitron,Model X,Li-ion,53V,2.3,Usable,17.16984,79.35488,28.5,77,53,1,50820500091,0,6957e0f93bbe75197873069a,1,0,100,2026-03-16T07:52:19.842Z,25,false,2026-03-17T04:23:51.801Z,false,false,false,false,,false,,,,,,,,,,
67e4ef4a6eeb638f7a1c6c51,868228078448188,ISL5145CCPSV04030084,2025-03-27T06:25:14.063Z,2026-03-17T04:19:09.464Z,vivitron,Model X,Li-ion,53V,2.3,Usable,17.1698,79.35502,10.5,38,52.5,1,50820500063,0,67e0f475fac062095801f319,1,0,0,2026-03-15T08:32:17.445Z,19,false,2026-03-17T04:23:51.827Z,false,false,false,false,,false,,,,,,,,,,
67e4ef4a6eeb638f7a1c6c52,868228078449244,ISL5145CCPSV04030071,2025-03-27T06:25:14.184Z,2026-03-17T04:19:09.425Z,vivitron,Model X,Li-ion,53V,2.3,Usable,17.16924,79.35968,9.9,100,55.9,1,SSKATP2,2,68999d9b338bf5b7120817c0,1,0,0,2026-03-17T04:21:39.932Z,18,false,2026-03-17T04:23:51.855Z,false,false,false,false,,false,,,,,,,,,,
67e4ef4a6eeb638f7a1c6c53,868228078448667,ISL5145CCPSV04030083,2025-03-27T06:25:14.309Z,2026-03-17T04:19:09.385Z,vivitron,Model X,Li-ion,53V,2.3,Usable,17.16932,79.35424,54,65,52.7,1,50820500079,0,691ed7af6bc1e87f7711d47e,2,-7.6,0,2026-03-15T04:04:44.104Z,24,false,2026-03-17T04:23:51.920Z,false,false,false,false,,false,,,,,,,,,,
67e4ef4a6eeb638f7a1c6c54,868228078449863,ISL5145CCPSV04030057,2025-03-27T06:25:14.418Z,2026-03-17T04:19:09.343Z,vivitron,Model X,Li-ion,53V,2.3,Usable,17.17098,79.35787,781.1,99,54.5,1,50820500046,1,67e0f475fac062095801f329,1,0,0,2026-03-14T04:51:48.681Z,27,false,2026-03-17T04:23:52.687Z,false,false,false,false,,false,,,,,,,,,,
67e4ef4a6eeb638f7a1c6c55,868228078448402,ISL5145CCPSV04030086,2025-03-27T06:25:14.530Z,2026-03-17T04:19:09.303Z,vivitron,Model X,Li-ion,53V,2.3,Usable,17.16962,79.35434,14.4,99,54.5,1,50820500033,1,67e0f475fac062095801f33f,1,0,0,2026-03-13T05:46:36.090Z,21,false,2026-03-17T04:23:52.742Z,false,false,false,false,,false,,,,,,,,,,
67e4ef4a6eeb638f7a1c6c56,868228078449160,ISL5145CCPSV04030061,2025-03-27T06:25:14.635Z,2026-03-17T04:19:09.262Z,vivitron,Model X,Li-ion,53V,2.3,Under Maintenance,17.17108,79.3598,15.6,99,53.2,1,50820500051,0,67e0f476fac062095801f476,1,0,0,2025-12-15T12:54:57.930Z,39,false,2026-03-17T04:23:52.784Z,false,false,false,false,,false,,,,,,,,,,
67e4ef4a6eeb638f7a1c6c57,868228078448550,ISL5145CCPSV04030046,2025-03-27T06:25:14.743Z,2026-03-17T04:19:09.224Z,vivitron,Model X,Li-ion,53V,2.3,Usable,17.16915,79.3561,40.6,45,51.4,1,SSK-Vallala,1,6957dff73bbe751978730692,2,-20.2,0,2026-03-14T10:37:29.222Z,34,false,2026-03-17T04:23:52.816Z,false,false,false,true,,false,,,,,,,,,,
67e4ef4a6eeb638f7a1c6c58,868228078447974,ISL5145CCPSV04030077,2025-03-27T06:25:14.853Z,2026-03-17T04:19:09.214Z,vivitron,Model X,Li-ion,53V,2.3,Usable,17.17007,79.35375,263.4,99,53,1,83520700001,2,6929a32acdb151f5c93097ee,1,0,0,2026-03-15T06:24:06.225Z,29,false,2026-03-17T04:23:52.850Z,false,false,false,false,,false,,,,,,,,,,
67e4ef4a6eeb638f7a1c6c59,868228078447818,ISL5145CCPSV04030065,2025-03-27T06:25:14.958Z,2026-03-17T04:19:09.171Z,vivitron,Model X,Li-ion,53V,2.3,Usable,17.16987,79.35372,32.9,72,53.2,1,50820500092,0,6957e2513bbe7519787306a2,1,0,100,2026-03-16T06:59:17.482Z,25,false,2026-03-17T04:23:52.878Z,false,false,false,false,,false,,,,,,,,,,
67e4ef4b6eeb638f7a1c6c5a,868228078448931,ISL5145CCPSV04030053,2025-03-27T06:25:15.090Z,2026-03-17T04:19:09.125Z,vivitron,Model X,Li-ion,53V,2.3,Usable,17.16913,79.3589,12,34,52.5,1,SSKATP2,2,68999d9b338bf5b7120817c0,1,0,0,2026-03-16T09:53:00.320Z,23,false,2026-03-17T04:23:52.906Z,false,false,false,false,,false,,,,,,,,,,
67e4ef4b6eeb638f7a1c6c5b,868228078448535,ISL5145CCPSV04030080,2025-03-27T06:25:15.197Z,2026-03-17T04:19:09.086Z,vivitron,Model X,Li-ion,53V,2.3,Usable,17.16445,79.33092,129.9,32,52.2,1,50820500095,0,697f0d4e1b657172986c015d,1,0,0,2026-03-14T08:52:52.700Z,22,false,2026-03-17T04:23:52.942Z,false,false,false,false,,false,,,,,,,,,,
67e4ef4b6eeb638f7a1c6c5c,868228078448873,ISL5145CCPSV04030085,2025-03-27T06:25:15.302Z,2026-03-17T04:19:09.046Z,vivitron,Model X,Li-ion,53V,2.3,Usable,17.16988,79.35385,296.5,99,54.5,1,50820500006,1,67e0f476fac062095801f361,1,0,0,2026-03-16T07:09:17.095Z,19,false,2026-03-17T04:23:53.008Z,false,false,false,false,,false,,,,,,,,,,
67e4ef4b6eeb638f7a1c6c5d,868228078448725,ISL5145CCPSV04030059,2025-03-27T06:25:15.407Z,2026-03-17T04:19:09.004Z,vivitron,Model X,Li-ion,53V,2.3,Usable,17.16983,79.35482,22.3,99,54.5,1,50820500019,1,67e0f474fac062095801f30b,1,0,0,2026-03-12T04:56:59.123Z,23,false,2026-03-17T04:23:53.070Z,false,false,false,false,,false,,,,,,,,,,
67e4ef4b6eeb638f7a1c6c5e,868228078447917,ISL5145CCPSV04030052,2025-03-27T06:25:15.515Z,2026-03-17T04:19:08.965Z,vivitron,Model X,Li-ion,53V,2.3,Usable,17.16995,79.35536,12.3,10,51,1,50820500078,0,691db00c6bc1e87f7711d2b5,2,-2.2,0,2026-03-13T06:28:16.374Z,20,false,2026-03-17T04:23:53.849Z,false,true,false,false,,false,,,,,,,,,,
67e4ef4b6eeb638f7a1c6c5f,868228078447693,ISL5145CCPSV04030055,2025-03-27T06:25:15.622Z,2026-03-17T04:19:08.920Z,vivitron,Model X,Li-ion,53V,2.3,Usable,17.16814,79.35566,16.3,30,52.2,1,50820500064,0,68d5389940878bbeee033b23,1,0,0,2026-03-13T11:56:24.400Z,21,false,2026-03-17T04:23:53.902Z,false,false,false,false,,false,,,,,,,,,,
67e4ef4b6eeb638f7a1c6c60,868228078448964,ISL5145CCPSV04030072,2025-03-27T06:25:15.743Z,2026-03-17T04:19:08.882Z,vivitron,Model X,Li-ion,53V,2.3,Under Maintenance,17.17149,79.35691,19.6,98,53,1,Pavan,1,68b32dfa7166e07a205c88f3,1,0,0,2026-03-16T09:53:21.888Z,21,false,2026-03-17T04:23:53.928Z,false,false,false,false,,false,,,,,,,,,,
67e4ef4b6eeb638f7a1c6c61,868228078448337,ISL5145CCPSV04030037,2025-03-27T06:25:15.848Z,2026-03-17T04:19:08.841Z,vivitron,Model X,Li-ion,53V,2.3,Usable,17.16477,79.33077,74.7,99,54.5,1,50820500042,1,67e0f475fac062095801f333,1,0,0,2026-03-15T05:14:42.825Z,28,false,2026-03-17T04:23:54.006Z,false,false,false,false,,false,,,,,,,,,,
67f8df794858e50ae57904b6,868228078449434,ISL5145CCPSV04030089,2025-04-11T09:23:05.523Z,2026-03-17T04:19:08.802Z,vivitron,,LI-ION,53,2.3,Usable,0,0,0,99,54.5,,50820500023,1,67e0f475fac062095801f34d,1,0,0,2026-03-12T05:25:27.717Z,22,false,2026-03-17T04:23:54.039Z,false,false,false,false,,false,2025-04-11,,,,,,,,,
67f8e0884858e50ae57904b9,868228078448089,ISL5145CCPSV04030092,2025-04-11T09:27:36.578Z,2026-03-17T04:19:08.764Z,vivitron,,LI-ION,53,2.3,Usable,0,0,0,99,53.2,,SSKATP2,2,68999d9b338bf5b7120817c0,1,0,0,2026-03-16T16:03:56.646Z,24,false,2026-03-17T04:23:54.074Z,false,false,false,false,,false,2025-04-11,,,,,,,,,
67f8e1974858e50ae57904bc,868228078448642,ISL5145CCPSV04030095,2025-04-11T09:32:07.812Z,2026-03-17T04:19:08.718Z,vivitron,,LI-ION,53,2.3,Usable,0,0,0,24,50.9,,83520700009,0,69901149d04fbc13b5944413,2,-14.8,0,2026-03-15T06:20:03.174Z,20,false,2026-03-17T04:23:54.107Z,false,false,false,false,,false,2025-04-11,,,,,,,,,
67f8e1ba4858e50ae57904bd,868228078449988,ISL5145CCPSV04030096,2025-04-11T09:32:42.698Z,2026-03-17T04:19:08.680Z,vivitron,,,53,2.3,Usable,0,0,0,91,53,,50820500089,0,693d991d6f204553fa1b2d71,1,0,0,2026-03-16T11:52:55.101Z,24,false,2026-03-17T04:23:54.144Z,false,false,false,false,,false,2025-04-11,,,,,,,,,
67f8e1e24858e50ae57904be,868228078447966,ISL5145CCPSV04030097,2025-04-11T09:33:22.245Z,2026-03-17T04:19:08.640Z,vivitron,,LI-ION,53,2.3,Usable,0,0,0,100,56.7,,SSKATP2,2,68999d9b338bf5b7120817c0,1,0,0,2026-03-17T04:21:39.788Z,22,false,2026-03-17T04:23:54.180Z,false,false,false,false,,false,2025-04-11,,,,,,,,,
67f8e20d4858e50ae57904bf,868228078449343,ISL5145CCPSV04030098,2025-04-11T09:34:05.225Z,2026-03-17T04:19:08.600Z,vivitron,,LI-ION,53,2.3,Usable,0,0,0,12,51.7,,83520700010,0,69901b84d04fbc13b5944462,1,0,0,2026-03-07T10:59:56.508Z,31,false,2026-03-17T04:23:54.252Z,false,true,false,false,,false,2025-04-11,,,,,,,,,
67f8e2474858e50ae57904c0,868228078449129,ISL5145CCPSV04030099,2025-04-11T09:35:03.748Z,2026-03-17T04:19:08.560Z,vivitron,,LI-ION,53,2.3,Usable,0,0,0,17,51.5,,50820500077,0,69172390e2debce5023bfafd,1,0,0,2026-03-11T04:11:51.293Z,21,false,2026-03-17T04:23:55.032Z,false,true,false,false,,false,2025-04-11,,,,,,,,,
67f8e2744858e50ae57904c1,868228078449079,ISL5145CCPSV04030100,2025-04-11T09:35:48.761Z,2026-03-17T04:19:08.513Z,vivitron,,LI-ION,53,2.3,Usable,0,0,0,50,52.4,,50820500090,0,6957dff73bbe751978730692,1,0,0,2026-03-15T05:44:26.113Z,20,false,2026-03-17T04:23:55.105Z,false,false,false,false,,false,2025-04-11,,,,,,,,,
67f8eb0d4858e50ae57904c2,868228078449095,ISL5145CCPSV04030091,2025-04-11T10:12:29.424Z,2026-03-17T04:19:08.472Z,vivitron,,LI-ION,53,2.3,Usable,0,0,0,24,51,,83520700009,0,69901149d04fbc13b5944413,2,-15.8,0,2026-03-15T06:20:03.024Z,15,false,2026-03-17T04:23:55.136Z,false,false,false,false,,false,2025-04-11,,,,,,,,,
67f8fe604858e50ae57904c4,868228078448576,ISL5145CCPSV04030102,2025-04-11T11:34:56.578Z,2026-03-17T04:19:08.431Z,vivitron,,LI-ION,53,2.3,Under Maintenance,0,0,0,99,53.2,,50820500051,0,67e0f476fac062095801f476,1,0,0,2025-12-15T12:54:58.841Z,46,false,2026-03-17T04:23:55.169Z,false,false,false,false,,false,2025-04-11,,,,,,,,,
67f8fe894858e50ae57904c5,868228078447982,ISL5145CCPSV04030103,2025-04-11T11:35:37.839Z,2026-03-17T04:19:08.390Z,vivitron,,LI-ION,53,2.3,Usable,0,0,0,11,51.2,,83520700009,0,69901149d04fbc13b5944413,1,0,100,2026-03-15T06:20:02.863Z,26,false,2026-03-17T04:23:55.196Z,false,true,false,false,,false,2025-04-11,,,,,,,,,
67f8feaa4858e50ae57904c6,868228078448014,ISL5145CCPSV04030104,2025-04-11T11:36:10.705Z,2026-03-17T04:19:08.351Z,vivitron,,LI-ION,53,2.3,Usable,0,0,0,0,45.7,,83520700003,0,69316ed3b7c773df9eba0dfb,2,0,0,2026-03-10T07:35:45.673Z,19,false,2026-03-17T04:23:55.241Z,false,true,true,true,,false,2025-04-11,,,,,,,,,
67f8fec84858e50ae57904c7,868228078447701,ISL5145CCPSV04030105,2025-04-11T11:36:40.439Z,2026-03-17T04:19:08.339Z,vivitron,,LI-ION,53,2.3,Usable,0,0,0,20,52.5,,83520700001,2,6929a32acdb151f5c93097ee,1,0,0,2026-03-15T06:25:28.227Z,14,false,2026-03-17T04:23:55.269Z,false,false,false,true,,false,2025-04-11,,,,,,,,,
67f8feee4858e50ae57904c8,868228078447610,ISL5145CCPSV04030106,2025-04-11T11:37:18.691Z,2026-03-17T04:19:08.197Z,vivitron,,LI-ION,53,2.3,Usable,0,0,0,37,52.2,,50820500094,0,6957e4bb3bbe7519787306b2,1,0,0,2026-03-16T09:25:45.287Z,21,false,2026-03-17T04:23:55.299Z,false,false,false,false,,false,2025-04-11,,,,,,,,,
67f8ff154858e50ae57904c9,868228078449640,ISL5145CCPSV04030107,2025-04-11T11:37:57.868Z,2026-03-17T04:19:08.080Z,vivitron,,LI-ION,53,2.3,Usable,0,0,0,99,53.2,,SSK-Vallala,1,6957dff73bbe751978730692,1,0,0,2026-03-16T06:59:35.264Z,26,false,2026-03-17T04:23:55.333Z,false,false,false,false,,false,2025-04-11,,,,,,,,,
67f8ff364858e50ae57904ca,868228078447792,ISL5145CCPSV04030108,2025-04-11T11:38:30.264Z,2026-03-17T04:19:07.973Z,vivitron,2,LI-ION,53,2.3,Usable,0,0,0,99,54.7,,SSKATP2,2,68999d9b338bf5b7120817c0,3,18.5,0,2026-03-17T04:21:39.629Z,25,false,2026-03-17T04:23:55.413Z,false,false,false,false,,false,2025-04-11,,,,,,,,,
67f8ff644858e50ae57904cb,868228078449871,ISL5145CCPSV04030109,2025-04-11T11:39:16.044Z,2026-03-17T04:19:04.082Z,vivitron,,LI-ION,53,2.3,Usable,0,0,0,100,56.7,,83520700005,1,693175e9b7c773df9eba0e1c,1,0,0,2026-03-15T06:21:10.223Z,33,false,2026-03-17T04:23:56.198Z,false,false,false,false,,false,2025-04-11,,,,,,,,,
67f8ff874858e50ae57904cc,868228078449061,ISL5145CCPSV04030110,2025-04-11T11:39:51.855Z,2026-03-17T04:19:03.768Z,vivitron,,LI-ION,53,2.3,Usable,0,0,0,99,54.5,,50820500014,1,67e0f476fac062095801f35d,1,0,0,2026-03-14T07:53:00.510Z,22,false,2026-03-17T04:23:56.251Z,false,false,false,false,,false,2025-04-11,,,,,,,,,
67f8ffa74858e50ae57904cd,868228078449582,ISL5145CCPSV04030111,2025-04-11T11:40:23.661Z,2026-03-17T04:19:03.469Z,vivitron,,LI-ION,53,2.3,Usable,0,0,0,89,52.2,,50820500065,0,68da2cc9a4edfdf359e2bf30,2,-18.6,0,2026-03-16T14:07:14.201Z,25,false,2026-03-17T04:23:56.298Z,false,false,false,false,,false,2025-04-11,,,,,,,,,
67f8ffc74858e50ae57904ce,868228078448998,ISL5145CCPSV04030112,2025-04-11T11:40:55.221Z,2026-03-17T04:19:03.172Z,vivitron,,LI-ION,53,2.3,Usable,0,0,0,98,53.2,,SSKATP2,2,68999d9b338bf5b7120817c0,1,0,0,2026-03-16T16:03:57.037Z,21,false,2026-03-17T04:23:56.333Z,false,false,false,false,,false,2025-04-11,,,,,,,,,
67f8ffea4858e50ae57904cf,868228078447586,ISL5145CCPSV04030113,2025-04-11T11:41:30.075Z,2026-03-17T04:19:02.798Z,vivitron,,LI-ION,53,2.3,Usable,0,0,0,99,53,,SSK-Nakrekal2,2,692ec9fc45817ccfda839e74,1,0,0,2026-03-16T12:25:47.951Z,24,false,2026-03-17T04:23:56.361Z,false,false,false,false,,false,2025-04-11,,,,,,,,,
67f9000c4858e50ae57904d0,868228078448279,ISL5145CCPSV04030114,2025-04-11T11:42:04.851Z,2026-03-17T04:19:02.424Z,vivitron,,LI-ION,53,2.3,Usable,0,0,0,99,54.5,,50820500024,1,67e0f475fac062095801f31b,1,0,0,2026-03-12T05:29:22.601Z,23,false,2026-03-17T04:23:56.392Z,false,false,false,false,,false,2025-04-11,,,,,,,,,
67f9006a4858e50ae57904d1,868228078448501,ISL5145CCPSV04030115,2025-04-11T11:43:38.948Z,2026-03-17T04:19:02.128Z,vivitron,,LI-ION,53,2.3,Usable,0,0,0,98,53,,50820500066,0,68da2f79a4edfdf359e2bf4e,1,0,0,2026-03-17T03:55:27.157Z,21,false,2026-03-17T04:23:56.420Z,false,false,false,false,,false,2025-04-11,,,,,,,,,
67f900904858e50ae57904d2,868228078449327,ISL5145CCPSV04030116,2025-04-11T11:44:16.058Z,2026-03-17T04:19:01.838Z,vivitron,,LI-ION,53,2.3,Usable,0,0,0,68,53.2,,50820500103,0,6986fe2b1b657172986c100c,1,0,0,2026-03-13T04:28:01.987Z,20,false,2026-03-17T04:23:56.483Z,false,false,false,false,,false,2025-04-11,,,,,,,,,
67f900af4858e50ae57904d3,868228078447933,ISL5145CCPSV04030117,2025-04-11T11:44:47.740Z,2026-03-17T04:19:01.484Z,vivitron,,LI-ION,53,2.3,Usable,0,0,0,3,50.7,,SSK-Vallala,1,6957dff73bbe751978730692,1,0,0,2026-03-16T07:53:09.521Z,25,false,2026-03-17T04:23:56.513Z,false,true,false,false,,false,2025-04-11,,,,,,,,,
67f900d74858e50ae57904d4,868228078449707,ISL5145CCPSV04030118,2025-04-11T11:45:27.446Z,2026-03-17T04:19:01.150Z,vivitron,,LI-ION,53,2.3,Usable,0,0,0,11,51.2,,50820500073,0,69118a2fe2debce5023bf2e5,1,0,0,2026-03-12T05:03:25.873Z,24,false,2026-03-17T04:23:56.574Z,false,true,false,false,,false,2025-04-11,,,,,,,,,
67f900f94858e50ae57904d5,868228078448956,ISL5145CCPSV04030119,2025-04-11T11:46:01.965Z,2026-03-17T04:19:00.854Z,vivitron,,LI-ION,53,2.3,Usable,0,0,0,99,54.4,,50820500025,1,67e0f475fac062095801f34f,1,0,0,2026-03-12T05:28:44.648Z,21,false,2026-03-17T04:23:57.360Z,false,false,false,false,,false,2025-04-11,,,,,,,,,
67f901194858e50ae57904d6,868228078449269,ISL5145CCPSV04030120,2025-04-11T11:46:33.678Z,2026-03-17T04:19:00.539Z,vivitron,,LI-ION,53,2.3,Usable,0,0,0,12,51.2,,83520700009,0,69901149d04fbc13b5944413,1,0,0,2026-03-15T06:20:02.700Z,26,false,2026-03-17T04:23:57.464Z,false,true,false,false,,false,2025-04-11,,,,,,,,,
67f9013e4858e50ae57904d7,868228078448048,ISL5145CCPSV04030121,2025-04-11T11:47:10.296Z,2026-03-17T04:19:00.196Z,vivitron,,LI-ION,53,2.3,Usable,0,0,0,73,53,,50820500088,0,692ec9fc45817ccfda839e74,1,0,0,2026-03-16T08:05:22.967Z,19,false,2026-03-17T04:23:57.503Z,false,false,false,false,,false,2025-04-11,,,,,,,,,
67f901714858e50ae57904d8,868228078447875,ISL5145CCPSV04030122,2025-04-11T11:48:01.432Z,2026-03-17T04:18:59.819Z,vivitron,,LI-ION,53,2.3,Usable,0,0,0,12,51,,50820500093,0,6957e3be3bbe7519787306aa,1,0,0,2026-03-09T09:07:33.397Z,22,false,2026-03-17T04:23:57.539Z,false,true,false,false,,false,2025-04-11,,,,,,,,,
67f901924858e50ae57904d9,868228078448006,ISL5145CCPSV04030123,2025-04-11T11:48:34.020Z,2026-03-17T04:18:59.528Z,vivitron,,LI-ION,53,2.3,Usable,0,0,0,99,54.5,,50820500021,1,67e0f474fac062095801f313,1,0,0,2026-03-11T05:39:10.723Z,24,false,2026-03-17T04:23:57.605Z,false,false,false,false,,false,2025-04-11,,,,,,,,,
67f901b44858e50ae57904da,868228078448907,ISL5145CCPSV04030124,2025-04-11T11:49:08.285Z,2026-03-17T04:18:59.233Z,vivitron,,LI-ION,53,2.3,Usable,0,0,0,20,51.9,,50820500104,0,6986ff0a1b657172986c1010,1,0,0,2026-03-14T12:10:51.223Z,22,false,2026-03-17T04:23:57.638Z,false,false,false,false,,false,2025-04-11,,,,,,,,,
67f901d64858e50ae57904db,868228078449756,ISL5145CCPSV04030125,2025-04-11T11:49:42.519Z,2026-03-17T04:18:58.887Z,vivitron,,LI-ION,53,2.3,Usable,0,0,0,99,54.5,,50820500045,1,67e0f475fac062095801f34b,1,0,0,2026-03-14T04:46:56.901Z,21,false,2026-03-17T04:23:57.674Z,false,false,false,false,,false,2025-04-11,,,,,,,,,
67f901fb4858e50ae57904dc,868228078448584,ISL5145CCPSV04030126,2025-04-11T11:50:19.916Z,2026-03-17T04:18:58.501Z,vivitron,,LI-ION,53,2.3,Usable,0,0,0,99,54.5,,50820500013,1,67e0f476fac062095801f35f,1,0,0,2026-03-14T07:51:14.108Z,26,false,2026-03-17T04:23:57.705Z,false,false,false,false,,false,2025-04-11,,,,,,,,,
67f90c6a4858e50ae57904dd,868228078447636,ISL5145CCPSV04030090,2025-04-11T12:34:50.666Z,2026-03-17T04:18:58.207Z,vivitron,,LI-ION,53,2.3,Usable,0,0,0,70,53,,50820500102,0,6986fdd21b657172986c1008,1,0,0,2026-03-16T01:45:32.196Z,23,false,2026-03-17T04:23:57.777Z,false,false,false,false,,false,2025-04-11,,,,,,,,,
67f90c994858e50ae57904de,868228078447768,ISL5145CCPSV04030093,2025-04-11T12:35:37.302Z,2026-03-17T04:18:57.912Z,vivitron,,LI-ION,53,2.3,Usable,0,0,0,100,56.7,,83520700005,1,693175e9b7c773df9eba0e1c,1,0,0,2026-03-15T06:21:06.521Z,26,false,2026-03-17T04:23:57.803Z,false,false,false,true,,false,2025-04-11,,,,,,,,,
67f90cbb4858e50ae57904df,868228078448527,ISL5145CCPSV04030094,2025-04-11T12:36:11.090Z,2026-03-17T04:18:57.567Z,vivitron,,LI-ION,53,2.3,Usable,0,0,0,97,53,,83520700005,1,693175e9b7c773df9eba0e1c,1,0,0,2026-03-15T06:21:06.186Z,11,false,2026-03-17T04:23:58.581Z,false,false,false,true,,false,2025-04-11,,,,,,,,,
67fcc2734858e50ae57904e1,868228078450010,ISL5145CCPSV04030068,2025-04-14T08:08:19.789Z,2026-03-17T04:18:57.186Z,vivitron,,LI-ION,53,2.3,Usable,0,0,0,4,51.2,,SSKATP2,2,68999d9b338bf5b7120817c0,1,0,0,2026-03-16T16:13:49.313Z,26,false,2026-03-17T04:23:58.679Z,false,true,false,false,,false,2025-04-14,,,,,,,,,
67fcc3854858e50ae57904e2,868228078448568,ISL5145CCPSV04030087,2025-04-14T08:12:53.436Z,2026-03-17T04:18:56.893Z,vivitron,,LI-ION,53,2.3,Usable,0,0,0,10,51.2,,SSKATP2,2,68999d9b338bf5b7120817c0,1,0,0,2026-03-16T16:13:48.997Z,20,false,2026-03-17T04:23:58.710Z,false,true,false,false,,false,2025-04-14,,,,,,,,,
67fcc5514858e50ae57904e3,868228078447776,ISL5145CCPSV04950062,2025-04-14T08:20:33.691Z,2026-03-17T04:18:56.595Z,vivitron,,LI-ION,53,2.3,Usable,0,0,0,99,53,,83520700005,2,693175e9b7c773df9eba0e1c,1,0,0,2026-03-15T06:23:57.895Z,16,false,2026-03-17T04:23:58.741Z,false,false,false,true,,false,2025-04-14,,,,,,,,,
67fcc57d4858e50ae57904e4,868228078449186,ISL5145CCPSV04950064,2025-04-14T08:21:17.293Z,2026-03-17T04:18:56.268Z,vivitron,,LI-ION,53,2.3,Usable,0,0,0,99,53.2,,50820500064,0,68d5389940878bbeee033b23,1,0,0,2026-03-16T11:20:53.676Z,20,false,2026-03-17T04:23:58.795Z,false,false,false,false,,false,2025-04-14,,,,,,,,,
67fcc60d4858e50ae57904e6,868228078447644,ISL5145CCPSV04950070,2025-04-14T08:23:41.968Z,2026-03-17T04:18:55.866Z,vivitron,,LI_ION,53,2.3,Usable,0,0,0,0,46,,SSKATP2,2,68999d9b338bf5b7120817c0,2,0,0,2026-03-15T04:29:02.403Z,21,false,2026-03-17T04:23:58.822Z,false,true,true,true,,false,2025-04-14,,,,,,,,,
67fcc91a4858e50ae57904ef,868228078449004,ISL5145CAPSV04950010,2025-04-14T08:36:42.968Z,2026-03-17T04:18:55.580Z,vivitron,,LI-ION,53,2.3,Usable,0,0,0,15,51,,SSKATP2,2,68999d9b338bf5b7120817c0,1,0,0,2026-03-16T09:53:59.330Z,21,false,2026-03-17T04:23:58.855Z,false,true,false,false,,false,2025-04-14,,,,,,,,,
685110a141e312793ccb8304,868228078447750,ISL5145CCPSV04950043,2025-06-17T06:52:17.245Z,2026-03-17T04:18:55.294Z,vivitron,,,53,2.3,Usable,0,0,0,99,54.7,,50820500004,1,67e0f476fac062095801f35b,1,0,0,2026-03-16T07:07:13.200Z,22,false,2026-03-17T04:23:58.885Z,false,false,false,false,,false,2025-06-17,,,,,,,,,
685110d441e312793ccb8305,868228078449509,ISL5145CAPSV03700010,2025-06-17T06:53:08.070Z,2026-03-17T04:18:54.952Z,vivitron,,,53,2.3,Usable,0,0,0,53,52.4,,50820500099,0,6985b1a91b657172986c0d01,1,0,22,2026-03-16T06:06:10.626Z,29,false,2026-03-17T04:23:58.960Z,false,false,false,false,,false,2025-06-17,true,,,,,,,,
6851112f41e312793ccb8306,866234074360817,ISL5145CCPSV04030088,2025-06-17T06:54:39.502Z,2026-03-17T04:18:54.605Z,vivitron,,,53,2.3,Under Maintenance,0,0,0,99,53.2,,Pavan,1,68b32dfa7166e07a205c88f3,1,0,0,2025-09-29T07:00:40.047Z,4,false,2026-03-17T04:23:58.990Z,false,false,false,true,,false,2025-06-17,,,,,,,,,
6895be981f31bd21fa952841,868228078448261,ISL5145CCPSV04030101,2025-08-08T09:08:40.859Z,2026-03-17T04:18:54.303Z,vivitron,,,,2.3,Under Maintenance,0,0,0,100,54.4,,Pavan,0,68b32dfa7166e07a205c88f3,1,0,0,2026-01-28T13:05:34.222Z,13,false,2026-03-17T04:23:59.753Z,false,false,false,false,,false,2025-08-08,,,,,,,,,
6901d66ee2debce5023bdf54,E2W5145WS3825001,E2W5145WS3825001,2025-10-29T08:55:10.882Z,2026-02-11T06:45:44.277Z,vivitron,Cygni Energy,Li-ion,53,2.3,Usable,0,0,0,100,,,50820500069,0,68f0c3714ebf8d307289e11f,,,,2026-03-13T06:07:19.724Z,0,false,,,,,,,false,2025-10-01,,6901d66ee2debce5023bdf53,,,,false,0001-01-01T00:00:00.000Z,,
691abba3e2debce5023bfff2,E2W5145WS3825002,E2W5145WS3825002,2025-11-17T06:07:31.852Z,2026-02-11T06:45:44.277Z,vivitron,,Li-ion,51.2V,2.3,Usable,0,0,0,100,,,SSKATP2,2,68999d9b338bf5b7120817c0,,,,2026-03-15T08:33:24.506Z,0,false,,,,,,,false,,,691abba3e2debce5023bfff1,,,,false,0001-01-01T00:00:00.000Z,,
699fe47c546563a86ab16370,862774080069971,EE514506260047,2026-02-26T06:13:16.509Z,2026-03-17T04:18:53.986Z,energix,,Li-ion,51.2V,2.3,Usable,0,0,0,11,52,,50820500062,0,685e2c0c089ad8bd811efdf2,2,-0.5,100,2026-03-16T03:32:51.900Z,3,false,2026-03-17T04:23:59.897Z,false,true,false,false,,false,2026-02-26,,699fe47c546563a86ab1636f,,,,false,0001-01-01T00:00:00.000Z,,
699fea8c546563a86ab163b8,862774080051789,EE48300626016,2026-02-26T06:39:08.466Z,2026-03-17T04:18:53.656Z,energix,,Li-ion,48,1.4,Usable,0,0,0,92,49.9,,SSKATP2,1,68999d9b338bf5b7120817c0,1,0,100,2026-03-12T15:14:27.741Z,2,false,2026-03-17T04:23:59.938Z,false,false,false,false,,false,2026-02-26,,699fea8c546563a86ab163b7,,,,false,0001-01-01T00:00:00.000Z,,
69b64f8d6c33d3cff832e0ba,862774080076497,EE514510260130,2026-03-15T06:19:57.440Z,2026-03-17T04:18:53.336Z,energix,,,51.2,2.3,Usable,0,0,0,99,54,,50820500017,1,67e0f475fac062095801f31f,1,0,0,2026-03-16T11:00:50.947Z,1,false,2026-03-17T04:23:59.968Z,true,false,false,false,,,,,69b64f8d6c33d3cff832e0b9,,,,false,0001-01-01T00:00:00.000Z,,
69b64f8e6c33d3cff832e0bc,862774080069351,EE514510260131,2026-03-15T06:19:58.465Z,2026-03-17T04:18:53.045Z,energix,,,51.2,2.3,Usable,0,0,0,100,55.2,,50820500044,1,67e0f475fac062095801f337,1,0,0,2026-03-16T11:02:02.045Z,1,false,2026-03-17T04:24:00.081Z,true,false,false,false,,,,,69b64f8e6c33d3cff832e0bb,,,,false,0001-01-01T00:00:00.000Z,,
69b64f8f6c33d3cff832e0be,862774080069351,EE514510260132,2026-03-15T06:19:59.483Z,2026-03-16T09:03:45.786Z,energix,,,51.2,2.3,Usable,0,0,0,100,55.2,,50820500018,1,67e0f475fac062095801f321,1,0,0,2026-03-16T11:02:34.448Z,0,false,2026-03-16T08:58:59.086Z,true,false,false,false,,,,,69b64f8f6c33d3cff832e0bd,,,,false,0001-01-01T00:00:00.000Z,,
69b64f906c33d3cff832e0c0,862774080052357,EE514510260133,2026-03-15T06:20:00.505Z,2026-03-17T04:18:52.401Z,energix,,,51.2,2.3,Usable,0,0,0,99,54.5,,50820500010,1,67e0f474fac062095801f307,1,0,0,2026-03-16T11:03:02.903Z,0,false,2026-03-17T04:24:00.172Z,true,false,false,false,,,,,69b64f906c33d3cff832e0bf,,,,false,0001-01-01T00:00:00.000Z,,
69b64f916c33d3cff832e0c2,862774080070235,EE514510260134,2026-03-15T06:20:01.524Z,2026-03-17T04:18:52.051Z,energix,,,51.2,2.3,Usable,0,0,0,99,54.5,,50820500041,1,67e0f475fac062095801f319,1,0,0,2026-03-16T11:03:30.619Z,0,false,2026-03-17T04:24:00.201Z,true,false,false,false,,,,,69b64f916c33d3cff832e0c1,,,,false,0001-01-01T00:00:00.000Z,,
69b64f926c33d3cff832e0cc,862774080065318,EE514510260135,2026-03-15T06:20:02.545Z,2026-03-17T04:18:51.765Z,energix,,,51.2,2.3,Usable,0,0,0,99,54.5,,50820500027,1,67e0f475fac062095801f33b,1,0,0,2026-03-16T11:03:56.462Z,1,false,2026-03-17T04:24:00.287Z,true,false,false,false,,,,,69b64f926c33d3cff832e0cb,,,,false,0001-01-01T00:00:00.000Z,,
69b64f936c33d3cff832e0de,862774080069674,EE514510260136,2026-03-15T06:20:03.565Z,2026-03-17T04:18:51.465Z,energix,,,51.2,2.3,Usable,0,0,0,100,54.7,,50820500039,1,67e0f475fac062095801f317,1,0,0,2026-03-16T11:04:21.658Z,1,false,2026-03-17T04:24:00.316Z,true,false,false,false,,,,,69b64f936c33d3cff832e0dd,,,,false,0001-01-01T00:00:00.000Z,,
69b64f946c33d3cff832e0e0,862774080069492,EE514510260137,2026-03-15T06:20:04.587Z,2026-03-17T04:18:51.127Z,energix,,,51.2,2.3,Usable,0,0,0,99,54.5,,50820500049,1,67e0f475fac062095801f325,1,0,0,2026-03-16T11:05:06.314Z,0,false,2026-03-17T04:24:01.014Z,true,false,false,false,,,,,69b64f946c33d3cff832e0df,,,,false,0001-01-01T00:00:00.000Z,,
69b64f956c33d3cff832e0e2,862774080051995,EE514510260138,2026-03-15T06:20:05.609Z,2026-03-17T04:18:50.775Z,energix,,,51.2,2.3,Usable,0,0,0,100,55.5,,50820500043,1,67e0f475fac062095801f339,1,0,0,2026-03-16T11:05:39.919Z,1,false,2026-03-17T04:24:01.155Z,true,false,false,false,,,,,69b64f956c33d3cff832e0e1,,,,false,0001-01-01T00:00:00.000Z,,
69b64f966c33d3cff832e0e4,862774080064923,EE514510260139,2026-03-15T06:20:06.634Z,2026-03-17T04:18:50.469Z,energix,,,51.2,2.3,Usable,0,0,0,99,54.2,,50820500008,1,67e0f474fac062095801f30f,1,0,0,2026-03-16T11:06:17.737Z,0,false,2026-03-17T04:24:01.190Z,true,false,false,false,,,,,69b64f966c33d3cff832e0e3,,,,false,0001-01-01T00:00:00.000Z,,
69b64f976c33d3cff832e0e6,862774080065532,EE514510260140,2026-03-15T06:20:07.653Z,2026-03-17T04:18:50.456Z,energix,,,51.2,2.3,Usable,0,0,0,98,53.4,,SSKATP2,2,,1,0,0,,0,false,2026-03-17T04:24:01.217Z,true,false,false,false,,,,,69b64f976c33d3cff832e0e5,,,,false,0001-01-01T00:00:00.000Z,,
69b64f986c33d3cff832e0e8,862774080063859,EE514510260141,2026-03-15T06:20:08.673Z,2026-03-17T04:18:50.156Z,energix,,,51.2,2.3,Usable,0,0,0,99,54.5,,50820500048,1,67e0f476fac062095801f357,1,0,0,2026-03-16T11:06:52.939Z,0,false,2026-03-17T04:24:01.271Z,true,false,false,false,,,,,69b64f986c33d3cff832e0e7,,,,false,0001-01-01T00:00:00.000Z,,
69b64f996c33d3cff832e0ea,862774080070177,EE514510260142,2026-03-15T06:20:09.692Z,2026-03-17T04:18:49.812Z,energix,,,51.2,2.3,Usable,0,0,0,99,54.5,,50820500040,1,67e0f475fac062095801f345,1,0,0,2026-03-16T11:07:36.287Z,1,false,2026-03-17T04:24:01.304Z,true,false,false,false,,,,,69b64f996c33d3cff832e0e9,,,,false,0001-01-01T00:00:00.000Z,,
69b64f9a6c33d3cff832e0ec,862774080068502,EE514510260143,2026-03-15T06:20:10.714Z,2026-03-17T04:18:49.472Z,energix,,,51.2,2.3,Usable,0,0,0,100,54.5,,50820500028,1,67e0f475fac062095801f32d,1,0,0,2026-03-16T11:10:07.431Z,1,false,2026-03-17T04:24:01.350Z,true,false,false,false,,,,,69b64f9a6c33d3cff832e0eb,,,,false,0001-01-01T00:00:00.000Z,,
69b64f9b6c33d3cff832e0ee,862774080069294,EE514510260144,2026-03-15T06:20:11.735Z,2026-03-17T04:18:49.183Z,energix,,,51.2,2.3,Usable,0,0,0,99,54.5,,50820500020,1,67e0f476fac062095801f351,1,0,0,2026-03-16T11:10:39.978Z,1,false,2026-03-17T04:24:01.378Z,true,false,false,false,,,,,69b64f9b6c33d3cff832e0ed,,,,false,0001-01-01T00:00:00.000Z,,
69b64f9c6c33d3cff832e0f0,862774080052423,EE514510260145,2026-03-15T06:20:12.755Z,2026-03-17T04:18:48.879Z,energix,,,51.2,2.3,Usable,0,0,0,99,54.5,,50820500029,1,67e0f475fac062095801f33d,1,0,0,2026-03-16T11:10:59.177Z,0,false,2026-03-17T04:24:01.406Z,true,false,false,false,,,,,69b64f9c6c33d3cff832e0ef,,,,false,0001-01-01T00:00:00.000Z,,
69b64f9d6c33d3cff832e0f2,862774080069815,EE514510260146,2026-03-15T06:20:13.774Z,2026-03-17T04:18:48.509Z,energix,,,51.2,2.3,Usable,0,0,0,99,54,,50820500026,1,67e0f475fac062095801f335,1,0,0,2026-03-16T11:11:25.352Z,0,false,2026-03-17T04:24:01.464Z,true,false,false,false,,,,,69b64f9d6c33d3cff832e0f1,,,,false,0001-01-01T00:00:00.000Z,,
69b64f9e6c33d3cff832e0f4,862774080052092,EE514510260147,2026-03-15T06:20:14.794Z,2026-03-17T04:18:48.189Z,energix,,,51.2,2.3,Usable,0,0,0,99,54.2,,50820500001,1,67e0f476fac062095801f363,1,0,100,2026-03-16T11:11:48.583Z,0,false,2026-03-17T04:24:02.195Z,false,false,false,false,,,,,69b64f9e6c33d3cff832e0f3,,,,false,0001-01-01T00:00:00.000Z,,
69b64f9f6c33d3cff832e0f6,862774080065060,EE514510260148,2026-03-15T06:20:15.814Z,2026-03-17T04:18:47.893Z,energix,,,51.2,2.3,Usable,0,0,0,99,54.5,,50820500009,1,67e0f474fac062095801f311,1,0.1,0,2026-03-16T11:12:09.427Z,0,false,2026-03-17T04:24:02.326Z,true,false,false,false,,,,,69b64f9f6c33d3cff832e0f5,,,,false,0001-01-01T00:00:00.000Z,,
69b64fa06c33d3cff832e0f8,862774080051979,EE514510260149,2026-03-15T06:20:16.835Z,2026-03-17T04:18:47.591Z,energix,,,51.2,2.3,Usable,0,0,0,10,51.2,,SSKATP2,2,68999d9b338bf5b7120817c0,1,0,100,2026-03-16T11:28:07.104Z,0,false,2026-03-17T04:24:02.353Z,false,true,false,false,,,,,69b64fa06c33d3cff832e0f7,,,,false,0001-01-01T00:00:00.000Z,,
69b64fa16c33d3cff832e0fa,862774080050765,EE514510260150,2026-03-15T06:20:17.855Z,2026-03-17T04:18:47.266Z,energix,,,51.2,2.3,Usable,0,0,0,99,54,,50820500012,1,67e0f474fac062095801f309,1,0,0,2026-03-16T11:12:38.735Z,0,false,2026-03-17T04:24:02.414Z,true,false,false,false,,,,,69b64fa16c33d3cff832e0f9,,,,false,0001-01-01T00:00:00.000Z,,
69b64fa26c33d3cff832e0fc,862774080050765,EE514510260151,2026-03-15T06:20:18.874Z,2026-03-16T09:18:45.048Z,energix,,,51.2,2.3,Usable,0,0,0,99,54,,50820500011,1,67e0f475fac062095801f315,1,0,0,2026-03-16T11:13:01.938Z,0,false,2026-03-16T09:19:11.542Z,true,false,false,false,,,,,69b64fa26c33d3cff832e0fb,,,,false,0001-01-01T00:00:00.000Z,,
69b64fa36c33d3cff832e0fe,862774080066738,EE514510260152,2026-03-15T06:20:19.894Z,2026-03-17T04:18:46.927Z,energix,,,51.2,2.3,Usable,0,0,0,98,53.5,,SSKATP2,2,,1,0,0,,1,false,2026-03-17T04:24:02.460Z,true,false,false,false,,,,,69b64fa36c33d3cff832e0fd,,,,false,0001-01-01T00:00:00.000Z,,
69b64fa46c33d3cff832e100,862774080070284,EE514510260153,2026-03-15T06:20:20.914Z,2026-03-17T04:18:46.624Z,energix,,,51.2,2.3,Usable,0,0,0,100,54.7,,50820500030,1,67e0f475fac062095801f331,1,0,0,2026-03-16T11:13:42.098Z,0,false,2026-03-17T04:24:02.489Z,true,false,false,false,,,,,69b64fa46c33d3cff832e0ff,,,,false,0001-01-01T00:00:00.000Z,,
69b64fa56c33d3cff832e102,862774080052118,EE514510260154,2026-03-15T06:20:21.934Z,2026-03-17T04:18:46.335Z,energix,,,51.2,2.3,Usable,0,0,0,99,54.2,,50820500047,1,67e0f475fac062095801f327,1,0,0,2026-03-16T11:14:09.887Z,1,false,2026-03-17T04:24:02.542Z,true,false,false,false,,,,,69b64fa56c33d3cff832e101,,,,false,0001-01-01T00:00:00.000Z,,
69b7ce4d6c33d3cff832e39d,862774080070052,EE514510260159,2026-03-16T09:33:01.612Z,2026-03-17T04:18:45.979Z,energix,,Li-ion,51.2,2.3,Usable,0,0,0,45,52.5,,SSKATP2,2,68999d9b338bf5b7120817c0,1,0,0,2026-03-16T09:33:24.473Z,0,false,2026-03-17T04:24:02.567Z,true,false,false,false,,,2026-03-16,,69b7ce4d6c33d3cff832e39c,,,,false,0001-01-01T00:00:00.000Z,,
69b7cfaf6c33d3cff832e3a1,862774080070227,EE514510260158,2026-03-16T09:38:55.773Z,2026-03-17T04:18:45.649Z,energix,,Li-ion,51.2,2.3,Usable,0,0,0,50,52.5,,SSKATP2,2,68999d9b338bf5b7120817c0,1,0,0,2026-03-16T09:39:13.162Z,0,false,2026-03-17T04:24:02.618Z,true,false,false,false,,,2026-03-16,,69b7cfaf6c33d3cff832e3a0,,,,false,0001-01-01T00:00:00.000Z,,
69b7d0b66c33d3cff832e3a9,862774080068221,EE514510260155,2026-03-16T09:43:18.603Z,2026-03-17T04:18:45.359Z,energix,,Li-ion,51.2,2.3,Usable,0,0,0,44,52.5,,SSKATP2,2,68999d9b338bf5b7120817c0,1,0,0,2026-03-16T09:43:30.975Z,0,false,2026-03-17T04:24:02.852Z,true,false,false,false,,,2026-03-16,,69b7d0b66c33d3cff832e3a8,,,,false,0001-01-01T00:00:00.000Z,,
69b7d13d6c33d3cff832e3ad,862774080069666,EE514510260156,2026-03-16T09:45:33.776Z,2026-03-17T04:18:45.057Z,energix,,Li-ion,51.2,2.3,Usable,0,0,0,48,52.5,,SSKATP2,2,68999d9b338bf5b7120817c0,1,0,0,2026-03-16T09:45:54.475Z,0,false,2026-03-17T04:24:02.897Z,true,false,false,false,,,2026-03-16,,69b7d13d6c33d3cff832e3ac,,,,false,0001-01-01T00:00:00.000Z,,
69b7d86c6c33d3cff832e3c1,862774080068734,EE514510260157,2026-03-16T10:16:12.189Z,2026-03-17T04:18:44.856Z,energix,,Li-ion,51.2,2.3,Usable,0,0,0,44,52,,SSKATP2,2,68999d9b338bf5b7120817c0,1,0,0,2026-03-16T10:16:27.203Z,0,false,2026-03-17T04:24:02.924Z,true,false,false,false,,,2026-03-16,,69b7d86c6c33d3cff832e3c0,,,,false,0001-01-01T00:00:00.000Z,,
